beverage_category,beverage,beverage_prep,calories,total fat,trans fat,saturated fat,sodium,total carbohydrates,cholesterol,dietary fibre,sugars,protein,vitamin a,vitamin c,calcium,iron,caffeine
coffee,brewed coffee,Short,3,0.1,0.0,0.0,0,5,0,0,0,0.3,0,0,0,0,175.0
coffee,brewed coffee,Tall,4,0.1,0.0,0.0,0,10,0,0,0,0.5,0,0,0,0,260.0
coffee,brewed coffee,Grande,5,0.1,0.0,0.0,0,10,0,0,0,1.0,0,0,0,0,330.0
coffee,brewed coffee,Venti,5,0.1,0.0,0.0,0,10,0,0,0,1.0,0,0,2,0,410.0
classic espresso drinks,caff latte,Short Nonfat Milk,70,0.1,0.1,0.0,5,75,10,0,9,6.0,10,0,20,0,75.0
classic espresso drinks,caff latte,2% Milk,100,3.5,2.0,0.1,15,85,10,0,9,6.0,10,0,20,0,75.0
classic espresso drinks,caff latte,Soymilk,70,2.5,0.4,0.0,0,65,6,1,4,5.0,6,0,20,8,75.0
classic espresso drinks,caff latte,Tall Nonfat Milk,100,0.2,0.2,0.0,5,120,15,0,14,10.0,15,0,30,0,75.0
classic espresso drinks,caff latte,2% Milk,150,6.0,3.0,0.2,25,135,15,0,14,10.0,15,0,30,0,75.0
classic espresso drinks,caff latte,Soymilk,110,4.5,0.5,0.0,0,105,10,1,6,8.0,10,0,30,15,75.0
classic espresso drinks,caff latte,Grande Nonfat Milk,130,0.3,0.2,0.0,5,150,19,0,18,13.0,20,0,40,0,150.0
classic espresso drinks,caff latte,2% Milk,190,7.0,3.5,0.2,30,170,19,0,17,12.0,20,2,40,0,150.0
classic espresso drinks,caff latte,Soymilk,150,5.0,0.5,0.0,0,130,13,1,8,10.0,15,0,40,15,150.0
classic espresso drinks,caff latte,Venti Nonfat Milk,170,0.4,0.3,0.0,10,190,25,0,23,16.0,30,0,50,0,150.0
classic espresso drinks,caff latte,2% Milk,240,9.0,4.5,0.3,35,220,24,0,22,16.0,25,2,50,0,150.0
classic espresso drinks,caff latte,Soymilk,190,7.0,1.0,0.0,0,170,16,2,11,13.0,20,0,50,25,150.0
classic espresso drinks,caff mocha (without whipped cream),Short Nonfat Milk,110,1.5,1.0,0.0,5,60,21,1,17,7.0,8,0,15,10,85.0
classic espresso drinks,caff mocha (without whipped cream),2% Milk,130,4.0,2.0,0.1,10,70,21,1,17,6.0,8,0,15,10,85.0
classic espresso drinks,caff mocha (without whipped cream),Soymilk,110,3.5,1.0,0.0,0,55,19,2,13,6.0,6,0,15,20,85.0
classic espresso drinks,caff mocha (without whipped cream),Tall Nonfat Milk,170,2.0,1.0,0.0,5,100,32,1,27,10.0,15,0,25,20,95.0
classic espresso drinks,caff mocha (without whipped cream),2% Milk,200,6.0,3.5,0.1,20,115,32,1,26,10.0,15,0,25,20,95.0
classic espresso drinks,caff mocha (without whipped cream),Soymilk,180,5.0,1.5,0.0,0,85,28,2,20,9.0,10,0,25,30,95.0
classic espresso drinks,caff mocha (without whipped cream),Grande Nonfat Milk,220,2.5,1.5,0.0,5,125,43,2,34,13.0,20,0,35,25,175.0
classic espresso drinks,caff mocha (without whipped cream),2% Milk,260,8.0,4.5,0.2,25,140,42,2,34,13.0,15,2,35,25,175.0
classic espresso drinks,caff mocha (without whipped cream),Soymilk,230,7.0,2.0,0.0,0,105,37,3,26,11.0,10,0,35,40,175.0
classic espresso drinks,caff mocha (without whipped cream),Venti Nonfat Milk,280,3.0,2.0,0.0,10,160,54,2,44,17.0,25,0,45,30,180.0
classic espresso drinks,caff mocha (without whipped cream),2% Milk,340,11.0,6.0,0.2,30,180,53,2,43,17.0,20,2,45,30,180.0
classic espresso drinks,caff mocha (without whipped cream),Soymilk,290,9.0,2.5,0.0,0,140,47,4,33,14.0,15,0,45,50,180.0
classic espresso drinks,vanilla latte (or other flavoured latte),Short Nonfat Milk,100,0.1,0.1,0.0,5,70,19,0,18,6.0,10,0,20,0,75.0
classic espresso drinks,vanilla latte (or other flavoured latte),2% Milk,130,3.5,1.5,0.1,15,80,18,0,17,6.0,10,0,20,0,75.0
classic espresso drinks,vanilla latte (or other flavoured latte),Soymilk,110,2.5,0.3,0.0,0,60,16,1,13,5.0,6,0,20,8,75.0
classic espresso drinks,vanilla latte (or other flavoured latte),Tall Nonfat Milk,150,0.2,0.1,0.0,5,110,28,0,27,9.0,15,0,30,0,75.0
classic espresso drinks,vanilla latte (or other flavoured latte),2% Milk,200,5.0,2.5,0.2,20,125,28,0,27,9.0,15,0,30,0,75.0
classic espresso drinks,vanilla latte (or other flavoured latte),Soymilk,160,4.0,0.5,0.0,0,95,23,1,20,7.0,10,0,30,15,75.0
classic espresso drinks,vanilla latte (or other flavoured latte),Grande Nonfat Milk,200,0.3,0.2,0.0,5,140,37,0,35,12.0,20,0,35,0,150.0
classic espresso drinks,vanilla latte (or other flavoured latte),2% Milk,250,6.0,3.5,0.2,25,150,37,0,35,12.0,20,2,35,0,150.0
classic espresso drinks,vanilla latte (or other flavoured latte),Soymilk,210,5.0,0.5,0.0,0,120,31,1,26,9.0,10,0,35,15,150.0
classic espresso drinks,vanilla latte (or other flavoured latte),Venti Nonfat Milk,250,0.3,0.2,0.0,10,180,47,0,45,15.0,25,0,50,0,150.0
classic espresso drinks,vanilla latte (or other flavoured latte),2% Milk,320,9.0,4.5,0.3,35,200,46,0,44,15.0,25,2,45,0,150.0
classic espresso drinks,vanilla latte (or other flavoured latte),Soymilk,270,7.0,1.0,0.0,0,160,39,2,33,12.0,15,0,45,20,150.0
classic espresso drinks,caff americano,Short,5,0.0,0.0,0.0,0,5,1,0,0,0.4,0,0,0,0,75.0
classic espresso drinks,caff americano,Tall,10,0.0,0.0,0.0,0,10,2,0,0,1.0,0,0,2,0,150.0
classic espresso drinks,caff americano,Grande,15,0.0,0.0,0.0,0,15,3,0,0,1.0,0,0,2,0,225.0
classic espresso drinks,caff americano,Venti,25,0.0,0.0,0.0,0,15,4,0,0,1.0,0,0,2,0,300.0
classic espresso drinks,cappuccino,Short Nonfat Milk,50,0.1,0.1,0.0,5,60,8,0,7,5.0,8,0,15,0,75.0
classic espresso drinks,cappuccino,2% Milk,80,3.0,1.5,0.1,10,70,8,0,7,5.0,8,0,15,0,75.0
classic espresso drinks,cappuccino,Soymilk,50,1.5,0.2,0.0,0,40,4,0,3,3.0,4,0,10,6,75.0
classic espresso drinks,cappuccino,Tall Nonfat Milk,60,0.1,0.1,0.0,5,70,9,0,8,6.0,10,0,20,0,75.0
classic espresso drinks,cappuccino,2% Milk,90,3.5,1.5,0.1,15,80,9,0,8,6.0,10,0,20,0,75.0
classic espresso drinks,cappuccino,Soymilk,70,3.0,0.4,0.0,0,65,7,1,4,5.0,6,0,20,8,75.0
classic espresso drinks,cappuccino,Grande Nonfat Milk,80,0.2,0.1,0.0,5,90,12,0,10,8.0,15,0,25,0,150.0
classic espresso drinks,cappuccino,2% Milk,120,4.0,2.0,0.1,15,100,12,0,10,8.0,10,0,25,0,150.0
classic espresso drinks,cappuccino,Soymilk,100,3.5,0.4,0.0,0,80,9,1,5,7.0,8,0,25,10,150.0
classic espresso drinks,cappuccino,Venti Nonfat Milk,110,0.2,0.2,0.0,5,120,16,0,14,10.0,20,0,30,0,150.0
classic espresso drinks,cappuccino,2% Milk,150,6.0,3.0,0.2,25,135,16,0,14,10.0,15,0,30,0,150.0
classic espresso drinks,cappuccino,Soymilk,120,4.5,0.5,0.0,0,110,11,1,7,9.0,10,0,35,15,150.0
classic espresso drinks,espresso,Solo,5,0.0,0.0,0.0,0,0,1,0,0,0.4,0,0,0,0,75.0
classic espresso drinks,espresso,Doppio,10,0.0,0.0,0.0,0,1,2,0,0,1.0,0,0,0,0,150.0
classic espresso drinks,skinny latte (any flavour),Short Nonfat Milk,60,0.1,0.1,0.0,5,80,9,0,8,6.0,10,0,20,0,75.0
classic espresso drinks,skinny latte (any flavour),Tall Nonfat Milk,100,0.2,0.1,0.0,5,125,14,0,13,9.0,15,0,30,0,75.0
classic espresso drinks,skinny latte (any flavour),Grande Nonfat Milk,120,0.3,0.2,0.0,5,160,18,0,16,12.0,20,0,35,0,150.0
classic espresso drinks,skinny latte (any flavour),Venti Nonfat Milk,160,0.3,0.2,0.0,10,200,24,0,21,15.0,25,0,50,0,150.0
signature espresso drinks,caramel macchiato,Short Nonfat Milk,100,1.0,0.5,0.0,5,70,17,0,15,6.0,10,0,15,0,75.0
signature espresso drinks,caramel macchiato,2% Milk,120,4.0,2.0,0.1,15,80,16,0,15,5.0,10,0,15,0,75.0
signature espresso drinks,caramel macchiato,Soymilk,100,3.0,1.0,0.0,0,60,14,1,11,4.0,6,0,15,8,75.0
signature espresso drinks,caramel macchiato,Tall Nonfat Milk,140,1.0,0.5,0.0,5,105,25,0,24,8.0,15,0,25,0,75.0
signature espresso drinks,caramel macchiato,2% Milk,180,5.0,3.0,0.1,20,115,25,0,23,8.0,15,0,25,0,75.0
signature espresso drinks,caramel macchiato,Soymilk,150,4.5,1.0,0.0,0,90,21,1,17,7.0,10,0,25,10,75.0
signature espresso drinks,caramel macchiato,Grande Nonfat Milk,190,1.0,1.0,0.0,10,130,35,0,32,11.0,20,0,35,0,150.0
signature espresso drinks,caramel macchiato,2% Milk,240,7.0,3.5,0.2,25,150,34,0,32,10.0,15,2,30,0,150.0
signature espresso drinks,caramel macchiato,Soymilk,200,5.0,1.0,0.0,5,115,29,1,24,9.0,10,0,35,15,150.0
signature espresso drinks,caramel macchiato,Venti Nonfat Milk,240,1.0,1.0,0.0,10,170,43,0,41,13.0,25,0,40,0,150.0
signature espresso drinks,caramel macchiato,2% Milk,300,8.0,4.5,0.2,35,180,43,0,40,13.0,20,2,40,0,150.0
signature espresso drinks,caramel macchiato,Soymilk,250,7.0,1.5,0.0,5,140,36,1,31,11.0,15,0,40,20,150.0
signature espresso drinks,white chocolate mocha (without whipped cream),Short Nonfat Milk,180,3.0,2.0,0.0,5,120,31,0,29,7.0,10,0,25,0,75.0
signature espresso drinks,white chocolate mocha (without whipped cream),2% Milk,200,6.0,3.5,0.1,15,125,31,0,29,7.0,8,2,25,0,75.0
signature espresso drinks,white chocolate mocha (without whipped cream),Soymilk,180,5.0,2.5,0.0,0,110,28,1,25,6.0,6,0,25,8,75.0
signature espresso drinks,white chocolate mocha (without whipped cream),Tall Nonfat Milk,270,4.5,3.5,0.0,5,190,47,0,45,12.0,15,2,35,0,75.0
signature espresso drinks,white chocolate mocha (without whipped cream),2% Milk,310,9.0,6.0,0.1,20,200,46,0,44,11.0,15,2,35,0,75.0
signature espresso drinks,white chocolate mocha (without whipped cream),Soymilk,280,8.0,3.5,0.0,0,170,42,1,39,10.0,10,2,35,10,75.0
signature espresso drinks,white chocolate mocha (without whipped cream),Grande Nonfat Milk,350,6.0,4.5,0.0,10,240,61,0,58,15.0,20,2,45,2,150.0
signature espresso drinks,white chocolate mocha (without whipped cream),2% Milk,400,11.0,7.0,0.2,25,250,61,0,58,15.0,15,2,45,0,150.0
signature espresso drinks,white chocolate mocha (without whipped cream),Soymilk,370,10.0,5.0,0.0,0,220,56,1,51,13.0,10,2,45,15,150.0
signature espresso drinks,white chocolate mocha (without whipped cream),Venti Nonfat Milk,450,7.0,6.0,0.0,10,310,78,0,74,19.0,25,2,60,2,150.0
signature espresso drinks,white chocolate mocha (without whipped cream),2% Milk,510,15.0,9.0,0.2,35,330,77,0,74,19.0,20,4,60,2,150.0
signature espresso drinks,white chocolate mocha (without whipped cream),Soymilk,460,13.0,6.0,0.0,5,290,70,1,64,16.0,15,2,60,20,150.0
signature espresso drinks,hot chocolate (without whipped cream),Short Nonfat Milk,130,1.5,1.0,0.0,5,70,26,1,23,7.0,10,0,20,10,10.0
signature espresso drinks,hot chocolate (without whipped cream),2% Milk,150,4.5,2.5,0.1,15,80,26,1,22,7.0,10,0,20,10,10.0
signature espresso drinks,hot chocolate (without whipped cream),Soymilk,130,3.5,1.0,0.0,0,60,23,2,18,6.0,6,0,20,20,10.0
signature espresso drinks,hot chocolate (without whipped cream),Tall Nonfat Milk,190,2.0,1.0,0.0,5,110,37,1,32,11.0,15,0,30,20,20.0
signature espresso drinks,hot chocolate (without whipped cream),2% Milk,230,7.0,3.5,0.2,20,120,37,1,32,10.0,15,0,30,20,20.0
signature espresso drinks,hot chocolate (without whipped cream),Soymilk,200,6.0,1.5,0.0,0,95,32,2,25,9.0,10,0,30,30,20.0
signature espresso drinks,hot chocolate (without whipped cream),Grande Nonfat Milk,240,2.5,1.5,0.0,5,140,48,2,41,14.0,20,0,40,25,25.0
signature espresso drinks,hot chocolate (without whipped cream),2% Milk,290,9.0,5.0,0.2,25,160,47,2,41,14.0,20,2,40,25,25.0
signature espresso drinks,hot chocolate (without whipped cream),Soymilk,250,7.0,2.0,0.0,0,125,41,3,32,12.0,15,0,40,40,25.0
signature espresso drinks,hot chocolate (without whipped cream),Venti Nonfat Milk,320,3.0,2.0,0.0,10,180,63,2,55,18.0,25,0,50,30,30.0
signature espresso drinks,hot chocolate (without whipped cream),2% Milk,380,11.0,6.0,0.3,35,200,63,2,54,17.0,25,2,50,30,30.0
signature espresso drinks,hot chocolate (without whipped cream),Soymilk,330,9.0,2.5,0.0,0,160,55,4,44,15.0,15,0,50,50,30.0
signature espresso drinks,caramel apple spice (without whipped cream),Short,140,0.0,0.0,0.0,0,10,35,0,33,0.0,0,0,0,0,0.0
signature espresso drinks,caramel apple spice (without whipped cream),Tall,210,0.0,0.0,0.0,0,15,53,0,49,0.0,0,0,0,0,0.0
signature espresso drinks,caramel apple spice (without whipped cream),Grande,280,0.0,0.0,0.0,0,20,70,0,65,0.0,0,0,0,0,0.0
signature espresso drinks,caramel apple spice (without whipped cream),Venti,360,0.0,0.0,0.0,0,25,89,0,83,0.0,0,0,0,0,0.0
tazo tea drinks,tazo tea,Short,0,0.0,0.0,0.0,0,0,0,0,0,0.0,0,0,0,0,89.52054794520548
tazo tea drinks,tazo tea,Tall,0,0.0,0.0,0.0,0,0,0,0,0,0.0,0,0,0,0,89.52054794520548
tazo tea drinks,tazo tea,Grande,0,0.0,0.0,0.0,0,0,0,0,0,0.0,0,0,0,0,89.52054794520548
tazo tea drinks,tazo tea,Venti,0,0.0,0.0,0.0,0,0,0,0,0,0.0,0,0,0,0,89.52054794520548
tazo tea drinks,tazo chai tea latte,Short Nonfat Milk,100,0.1,0.1,0.0,0,50,22,0,21,4.0,6,0,10,0,50.0
tazo tea drinks,tazo chai tea latte,2% Milk,120,2.0,1.0,0.1,10,55,22,0,21,4.0,6,0,10,0,50.0
tazo tea drinks,tazo chai tea latte,Soymilk,110,1.5,0.2,0.0,0,45,20,0,18,3.0,4,0,10,6,50.0
tazo tea drinks,tazo chai tea latte,Tall Nonfat Milk,160,0.2,0.1,0.0,5,80,34,0,32,6.0,10,0,20,2,70.0
tazo tea drinks,tazo chai tea latte,2% Milk,190,3.5,1.5,0.1,15,90,34,0,32,6.0,10,0,20,2,70.0
tazo tea drinks,tazo chai tea latte,Soymilk,160,2.5,0.3,0.0,0,70,31,1,28,5.0,6,0,20,10,70.0
tazo tea drinks,tazo chai tea latte,Grande Nonfat Milk,210,0.2,0.1,0.0,5,105,45,0,43,8.0,15,0,25,2,95.0
tazo tea drinks,tazo chai tea latte,2% Milk,240,4.5,2.0,0.1,20,115,45,0,42,8.0,10,0,25,2,95.0
tazo tea drinks,tazo chai tea latte,Soymilk,220,3.5,0.4,0.0,0,90,41,1,37,6.0,8,0,25,10,95.0
tazo tea drinks,tazo chai tea latte,Venti Nonfat Milk,260,0.3,0.2,0.0,5,135,57,0,54,10.0,15,0,35,2,120.0
tazo tea drinks,tazo chai tea latte,2% Milk,310,6.0,3.0,0.2,25,150,56,0,53,10.0,15,2,30,2,120.0
tazo tea drinks,tazo chai tea latte,Soymilk,280,4.5,0.5,0.0,0,115,51,1,46,8.0,10,0,30,15,120.0
tazo tea drinks,tazo green tea latte,Short Nonfat Milk,130,0.2,0.1,0.0,5,85,26,0,25,7.0,10,4,20,2,25.0
tazo tea drinks,tazo green tea latte,2% Milk,170,4.0,2.0,0.1,15,95,26,0,25,7.0,10,6,20,2,25.0
tazo tea drinks,tazo green tea latte,Soymilk,140,3.0,0.4,0.0,0,70,22,1,20,6.0,8,4,20,10,25.0
tazo tea drinks,tazo green tea latte,Tall Nonfat Milk,210,0.4,0.2,0.0,5,125,42,1,41,11.0,20,10,35,4,55.0
tazo tea drinks,tazo green tea latte,2% Milk,260,6.0,3.0,0.2,25,140,41,1,40,10.0,15,10,35,4,55.0
tazo tea drinks,tazo green tea latte,Soymilk,230,4.5,0.5,0.0,0,110,36,2,33,9.0,10,10,35,15,55.0
tazo tea drinks,tazo green tea latte,Grande Nonfat Milk,290,0.5,0.2,0.0,10,160,57,1,56,14.0,25,15,45,4,80.0
tazo tea drinks,tazo green tea latte,2% Milk,350,8.0,4.0,0.2,30,180,57,1,55,14.0,20,15,45,4,80.0
tazo tea drinks,tazo green tea latte,Soymilk,310,6.0,1.0,0.0,0,140,50,3,46,11.0,15,15,45,25,80.0
tazo tea drinks,tazo green tea latte,Venti Nonfat Milk,370,0.5,0.3,0.0,10,200,73,2,71,18.0,30,20,60,6,110.0
tazo tea drinks,tazo green tea latte,2% Milk,450,10.0,5.0,0.3,40,230,72,2,71,17.0,25,20,50,6,110.0
tazo tea drinks,tazo green tea latte,Soymilk,390,8.0,1.0,0.0,0,180,64,4,58,14.0,20,20,60,30,110.0
tazo tea drinks,tazo fullleaf tea latte,Short Nonfat Milk,80,0.1,0.1,0.0,0,45,16,0,16,4.0,6,0,10,0.00,89.52054794520548
tazo tea drinks,tazo fullleaf tea latte,2% Milk,90,2.0,1.0,0.1,10,50,15,0,15,3.0,6,0,10,0.00,89.52054794520548
tazo tea drinks,tazo fullleaf tea latte,Soymilk,80,1.5,0.2,0.0,0,40,14,0,13,3.0,4,0,10,6.00,89.52054794520548
tazo tea drinks,tazo fullleaf tea latte,Tall Nonfat Milk,120,0.1,0.1,0.0,5,65,23,0,23,5.0,10,0,20,0.00,89.52054794520548
tazo tea drinks,tazo fullleaf tea latte,2% Milk,140,3.0,1.5,0.1,15,75,23,0,23,5.0,8,0,15,0.00,89.52054794520548
tazo tea drinks,tazo fullleaf tea latte,Soymilk,130,2.5,0.3,0.0,0,60,21,1,19,4.0,6,0,20,8.00,89.52054794520548
tazo tea drinks,tazo fullleaf tea latte,Grande Nonfat Milk,150,0.2,0.1,0.0,5,85,31,0,31,7.0,15,0,25,0.00,89.52054794520548
tazo tea drinks,tazo fullleaf tea latte,2% Milk,190,4.0,2.0,0.1,15,95,31,0,30,7.0,10,0,25,0.00,89.52054794520548
tazo tea drinks,tazo fullleaf tea latte,Soymilk,170,3.5,0.4,0.0,0,80,27,1,25,6.0,8,0,25,10.00,89.52054794520548
tazo tea drinks,tazo fullleaf tea latte,Venti Nonfat Milk,190,0.2,0.1,0.0,5,110,39,0,39,9.0,15,0,30,0.00,89.52054794520548
tazo tea drinks,tazo fullleaf tea latte,2% Milk,230,5.0,2.5,0.2,20,125,38,0,38,9.0,15,0,30,0.00,89.52054794520548
tazo tea drinks,tazo fullleaf tea latte,Soymilk,210,4.0,0.5,0.0,0,100,34,1,32,7.0,10,0,30,15.00,89.52054794520548
tazo tea drinks,tazo fullleaf red tea latte (vanilla rooibos),Short Nonfat Milk,80,0.1,0.1,0.0,0,45,16,0,16,4.0,6,0,10,0,0.0
tazo tea drinks,tazo fullleaf red tea latte (vanilla rooibos),2% Milk,90,2.0,1.0,0.1,10,50,15,0,15,3.0,6,0,10,0,0.0
tazo tea drinks,tazo fullleaf red tea latte (vanilla rooibos),Soymilk,80,1.5,0.2,0.0,0,40,14,0,13,3.0,4,0,10,6,0.0
tazo tea drinks,tazo fullleaf red tea latte (vanilla rooibos),Tall Nonfat Milk,120,0.1,0.1,0.0,5,65,23,0,23,5.0,10,0,20,0,0.0
tazo tea drinks,tazo fullleaf red tea latte (vanilla rooibos),2% Milk,140,3.0,1.5,0.1,15,75,23,0,23,5.0,8,0,15,0,0.0
tazo tea drinks,tazo fullleaf red tea latte (vanilla rooibos),Soymilk,130,2.5,0.3,0.0,0,60,21,1,19,4.0,6,0,20,8,0.0
tazo tea drinks,tazo fullleaf red tea latte (vanilla rooibos),Grande Nonfat Milk,150,0.2,0.1,0.0,5,85,31,0,31,7.0,15,0,25,0,0.0
tazo tea drinks,tazo fullleaf red tea latte (vanilla rooibos),2% Milk,190,4.0,2.0,0.1,15,95,31,0,30,7.0,10,0,25,0,0.0
tazo tea drinks,tazo fullleaf red tea latte (vanilla rooibos),Soymilk,170,3.5,0.4,0.0,0,80,27,1,25,6.0,8,0,25,10,0.0
tazo tea drinks,tazo fullleaf red tea latte (vanilla rooibos),Venti Nonfat Milk,190,0.2,0.1,0.0,5,110,39,0,39,9.0,15,0,30,0,0.0
tazo tea drinks,tazo fullleaf red tea latte (vanilla rooibos),2% Milk,230,5.0,2.5,0.2,20,125,38,0,38,9.0,15,0,30,0,0.0
tazo tea drinks,tazo fullleaf red tea latte (vanilla rooibos),Soymilk,210,4.0,0.5,0.0,0,100,34,1,32,7.0,10,0,30,15,0.0
shaken iced beverages,iced brewed coffee (with classic syrup),Tall,60,0.0,0.0,0.0,0,4,15,0,15,0.2,0,0,0,0,120.0
shaken iced beverages,iced brewed coffee (with classic syrup),Grande,90,0.1,0.0,0.0,0,5,21,0,21,0.3,0,0,0,0,165.0
shaken iced beverages,iced brewed coffee (with classic syrup),Venti,130,0.1,0.0,0.0,0,5,31,0,31,0.4,0,0,0,0,235.0
shaken iced beverages,iced brewed coffee (with milk  classic syrup),Tall Nonfat Milk,80,0.1,0.0,0.0,0,25,18,0,18,2.0,2,0,6,0,90.0
shaken iced beverages,iced brewed coffee (with milk  classic syrup),2% Milk,90,1.0,0.5,0.0,5,25,18,0,18,2.0,2,0,6,0.00,89.52054794520548
shaken iced beverages,iced brewed coffee (with milk  classic syrup),Soymilk,80,1.0,0.1,0.0,0,20,17,0,17,2.0,2,0,6,0,90.0
shaken iced beverages,iced brewed coffee (with milk  classic syrup),Grande Nonfat Milk,110,0.1,0.0,0.0,0,30,24,0,24,2.0,4,0,8,2,90.0
shaken iced beverages,iced brewed coffee (with milk  classic syrup),2% Milk,120,1.5,0.5,0.0,5,35,24,0,24,2.0,4,0,8,0,125.0
shaken iced beverages,iced brewed coffee (with milk  classic syrup),Soymilk,110,1.0,0.1,0.0,0,30,23,0,22,2.0,2,0,8,0,125.0
shaken iced beverages,iced brewed coffee (with milk  classic syrup),Venti Nonfat Milk,160,0.1,0.1,0.0,0,50,36,0,36,4.0,6,0,10,4,125.0
shaken iced beverages,iced brewed coffee (with milk  classic syrup),2% Milk,180,2.0,1.0,0.1,10,55,36,0,36,4.0,6,0,10,0,170.0
shaken iced beverages,iced brewed coffee (with milk  classic syrup),Soymilk,170,1.5,0.2,0.0,0,45,34,0,33,3.0,4,0,10,0,170.0
shaken iced beverages,shaken iced tazo tea (with classic syrup),Tall,60,0.0,0.0,0.0,0,0,15,0,15,0.0,0,0,0,6,170.0
shaken iced beverages,shaken iced tazo tea (with classic syrup),Grande,80,0.0,0.0,0.0,0,0,21,0,21,0.0,0,0,0,0,89.52054794520548
shaken iced beverages,shaken iced tazo tea (with classic syrup),Venti,120,0.0,0.0,0.0,0,0,31,0,31,0.0,0,0,0,0,89.52054794520548
shaken iced beverages,shaken iced tazo tea lemonade (with classic syrup),Tall,100,0.0,0.0,0.0,0,0,25,0,24,0.1,0,10,0,0,89.52054794520548
shaken iced beverages,shaken iced tazo tea lemonade (with classic syrup),Grande,130,0.0,0.0,0.0,0,0,33,0,33,0.1,0,15,0,0,89.52054794520548
shaken iced beverages,shaken iced tazo tea lemonade (with classic syrup),Venti,190,0.0,0.0,0.0,0,0,49,0,49,0.1,0,20,0,0,89.52054794520548
smoothies,banana chocolate smoothie,Grande Nonfat Milk,280,2.5,1.5,0.0,5,150,53,7,34,20.0,10,15,20,0,89.52054794520548
smoothies,banana chocolate smoothie,2% Milk,300,5.0,2.5,0.1,15,160,53,7,34,20.0,8,15,20,20,15.0
smoothies,banana chocolate smoothie,Soymilk,290,4.5,1.5,0.0,5,150,51,7,31,19.0,6,15,20,20,15.0
smoothies,orange mango banana smoothie,Grande Nonfat Milk,260,1.0,0.3,0.0,5,120,54,6,37,16.0,50,80,10,30,15.0
smoothies,orange mango banana smoothie,2% Milk,270,1.5,0.5,0.0,5,125,53,6,37,16.0,50,80,10,6,0.0
smoothies,orange mango banana smoothie,Soymilk,270,1.5,0.4,0.0,5,120,53,6,36,15.0,50,80,10,6,0.0
smoothies,strawberry banana smoothie,Grande Nonfat Milk,290,1.0,0.3,0.0,5,125,58,7,41,16.0,4,100,10,8,0.0
smoothies,strawberry banana smoothie,2% Milk,290,2.0,1.0,0.0,5,125,58,7,41,16.0,4,100,10,8,0.0
smoothies,strawberry banana smoothie,Soymilk,290,2.0,0.4,0.0,5,120,58,8,40,16.0,2,100,10,8,0.0
frappuccino blended coffee,coffee,Tall Nonfat Milk,160,0.1,0.0,0.0,0,160,36,0,36,3.0,4,0,10,10,0.0
frappuccino blended coffee,coffee,Whole Milk,180,2.5,1.5,0.1,10,160,36,0,36,3.0,4,0,8,0,70.0
frappuccino blended coffee,coffee,Soymilk,160,1.5,0.2,0.0,0,150,35,0,34,2.0,4,0,10,0,70.0
frappuccino blended coffee,coffee,Grande Nonfat Milk,220,0.1,0.1,0.0,0,210,51,0,50,4.0,6,0,10,4,70.0
frappuccino blended coffee,coffee,Whole Milk,240,3.0,2.0,0.1,10,220,50,0,50,3.0,4,0,10,0,95.0
frappuccino blended coffee,coffee,Soymilk,220,1.5,0.2,0.0,0,210,49,0,47,3.0,4,0,10,0,95.0
frappuccino blended coffee,coffee,Venti Nonfat Milk,310,0.1,0.1,0.0,5,300,70,0,69,6.0,10,0,20,6,95.0
frappuccino blended coffee,coffee,Whole Milk,350,5.0,3.0,0.2,15,300,70,0,69,5.0,8,0,15,2,130.0
frappuccino blended coffee,coffee,Soymilk,310,2.5,0.3,0.0,0,300,68,1,66,5.0,6,0,20,2,130.0
frappuccino blended coffee,mocha (without whipped cream),Tall Nonfat Milk,180,0.5,0.4,0.0,0,150,42,1,40,3.0,4,0,10,8,130.0
frappuccino blended coffee,mocha (without whipped cream),Whole Milk,200,3.0,2.0,0.1,10,160,42,1,40,3.0,4,0,8,6,70.0
frappuccino blended coffee,mocha (without whipped cream),Soymilk,180,2.0,0.5,0.0,0,150,40,1,38,3.0,4,0,10,10,70.0
frappuccino blended coffee,mocha (without whipped cream),Grande Nonfat Milk,260,1.0,0.5,0.0,0,220,61,1,58,4.0,6,0,10,8,110.0
frappuccino blended coffee,mocha (without whipped cream),Whole Milk,290,4.0,2.5,0.1,10,220,61,1,58,4.0,4,0,10,8,110.0
frappuccino blended coffee,mocha (without whipped cream),Soymilk,260,2.5,0.5,0.0,0,220,59,1,55,4.0,4,0,10,15,110.0
frappuccino blended coffee,mocha (without whipped cream),Venti Nonfat Milk,340,1.0,0.5,0.0,5,300,80,1,76,7.0,10,0,15,10,140.0
frappuccino blended coffee,mocha (without whipped cream),Whole Milk,390,6.0,3.5,0.1,15,300,80,1,76,6.0,8,0,15,10,140.0
frappuccino blended coffee,mocha (without whipped cream),Soymilk,350,3.0,1.0,0.0,0,290,78,2,73,6.0,6,0,20,20,140.0
frappuccino blended coffee,caramel (without whipped cream),Tall Nonfat Milk,180,0.1,0.0,0.0,0,160,42,0,41,3.0,4,0,10,0,70.0
frappuccino blended coffee,caramel (without whipped cream),Whole Milk,200,2.5,1.5,0.1,10,160,42,0,41,3.0,4,0,8,0,70.0
frappuccino blended coffee,caramel (without whipped cream),Soymilk,180,1.5,0.2,0.0,0,150,40,0,39,2.0,4,0,10,4,70.0
frappuccino blended coffee,caramel (without whipped cream),Grande Nonfat Milk,280,0.1,0.1,0.0,0,220,60,0,59,4.0,6,0,10,0,100.0
frappuccino blended coffee,caramel (without whipped cream),Whole Milk,280,3.5,2.0,0.1,10,220,60,0,59,3.0,4,0,10,0,100.0
frappuccino blended coffee,caramel (without whipped cream),Soymilk,260,1.5,0.2,0.0,0,220,58,0,56,3.0,4,0,10,6,100.0
frappuccino blended coffee,caramel (without whipped cream),Venti Nonfat Milk,330,0.1,0.1,0.0,5,290,78,0,77,5.0,10,0,15,2,130.0
frappuccino blended coffee,caramel (without whipped cream),Whole Milk,370,5.0,3.0,0.1,15,300,78,0,77,5.0,8,0,15,2,130.0
frappuccino blended coffee,caramel (without whipped cream),Soymilk,340,2.5,0.3,0.0,0,290,75,1,73,5.0,6,0,20,8,130.0
frappuccino blended coffee,java chip (without whipped cream),Tall Nonfat Milk,220,3.0,2.0,0.0,0,170,47,1,44,4.0,4,0,10,20,75.0
frappuccino blended coffee,java chip (without whipped cream),Whole Milk,240,5.0,3.5,0.1,10,170,47,1,44,4.0,4,0,8,20,75.0
frappuccino blended coffee,java chip (without whipped cream),Soymilk,220,4.0,2.5,0.0,0,170,45,1,42,3.0,4,0,10,20,75.0
frappuccino blended coffee,java chip (without whipped cream),Grande Nonfat Milk,310,4.0,3.0,0.0,0,250,67,2,62,5.0,6,0,10,25,110.0
frappuccino blended coffee,java chip (without whipped cream),Whole Milk,340,7.0,5.0,0.1,10,250,67,2,62,5.0,4,0,10,25,110.0
frappuccino blended coffee,java chip (without whipped cream),Soymilk,310,6.0,3.5,0.0,0,240,65,2,60,4.0,4,0,10,30,110.0
frappuccino blended coffee,java chip (without whipped cream),Venti Nonfat Milk,420,5.0,4.0,0.0,5,340,90,2,84,7.0,10,0,20,35,145.0
frappuccino blended coffee,java chip (without whipped cream),Whole Milk,460,10.0,7.0,0.2,15,340,90,2,84,7.0,6,0,15,35,145.0
frappuccino blended coffee,java chip (without whipped cream),Soymilk,430,8.0,4.5,0.0,0,330,88,3,80,6.0,6,0,20,40,145.0
frappuccino light blended coffee,coffee,Tall Nonfat Milk,90,0.1,0.0,0.0,0,160,20,0,19,3.0,4,0,10,0,70.0
frappuccino light blended coffee,coffee,Grande Nonfat Milk,120,0.1,0.1,0.0,0,210,26,0,26,3.0,6,0,10,0,95.0
frappuccino light blended coffee,coffee,Venti Nonfat Milk,160,0.1,0.1,0.0,5,270,34,0,33,5.0,8,0,15,2,120.0
frappuccino light blended coffee,mocha,Tall Nonfat Milk,110,0.5,0.4,0.0,0,150,24,1,23,3.0,4,0,8,6,70.0
frappuccino light blended coffee,mocha,Grande Nonfat Milk,150,1.0,0.5,0.0,0,200,33,1,30,4.0,6,0,10,8,95.0
frappuccino light blended coffee,mocha,Venti Nonfat Milk,210,1.0,0.5,0.0,5,280,46,1,42,6.0,8,0,15,10,130.0
frappuccino light blended coffee,caramel,Tall Nonfat Milk,100,0.1,0.0,0.0,0,140,23,0,23,3.0,4,0,8,0,65.0
frappuccino light blended coffee,caramel,Grande Nonfat Milk,150,0.1,0.1,0.0,0,200,33,0,32,3.0,6,0,10,0,90.0
frappuccino light blended coffee,caramel,Venti Nonfat Milk,200,0.1,0.1,0.0,5,270,44,0,43,5.0,8,0,15,2,120.0
frappuccino light blended coffee,java chip,Tall Nonfat Milk,150,3.0,2.0,0.0,0,170,30,1,27,4.0,4,0,10,20,70.0
frappuccino light blended coffee,java chip,Grande Nonfat Milk,220,4.0,3.0,0.0,0,240,43,2,39,5.0,6,0,10,25,105.0
frappuccino light blended coffee,java chip,Venti Nonfat Milk,290,5.0,4.0,0.0,5,320,58,2,52,7.0,8,0,15,35,165.0
frappuccino blended crme,strawberries  crme (without whipped cream),Tall Nonfat Milk,170,0.1,0.1,0.0,0,140,39,0,38,3.0,6,6,10,2,0.0
frappuccino blended crme,strawberries  crme (without whipped cream),Whole Milk,190,3.0,1.5,0.1,10,140,38,0,37,3.0,4,6,10,2,0.0
frappuccino blended crme,strawberries  crme (without whipped cream),Soymilk,170,1.5,0.2,0.0,0,135,37,1,35,3.0,4,6,10,6,0.0
frappuccino blended crme,strawberries  crme (without whipped cream),Grande Nonfat Milk,230,0.2,0.1,0.0,0,190,53,0,52,4.0,8,6,15,4,0.0
frappuccino blended crme,strawberries  crme (without whipped cream),Whole Milk,260,4.0,2.0,0.1,10,190,53,0,52,4.0,6,6,15,4,0.0
frappuccino blended crme,strawberries  crme (without whipped cream),Soymilk,240,2.0,0.2,0.0,0,180,51,1,49,3.0,4,6,15,8,0.0
frappuccino blended crme,strawberries  crme (without whipped cream),Venti Nonfat Milk,310,0.2,0.1,0.0,5,260,70,0,69,6.0,10,8,20,4,0.0
frappuccino blended crme,strawberries  crme (without whipped cream),Whole Milk,350,6.0,3.0,0.2,15,260,70,0,68,6.0,8,8,20,4,0.0
frappuccino blended crme,strawberries  crme (without whipped cream),Soymilk,320,3.2,0.4,0.0,0,250,67,1,64,5.0,6,8,20,10,0.0
frappuccino blended crme,vanilla bean (without whipped cream),Tall Nonfat Milk,170,0.1,0.1,0.0,0,160,39,0,38,4.0,6,0,10,0,0.0
frappuccino blended crme,vanilla bean (without whipped cream),Whole Milk,200,3.5,2.0,0.1,10,160,39,0,38,3.0,6,0,10,0,0.0
frappuccino blended crme,vanilla bean (without whipped cream),Soymilk,180,1.5,0.2,0.0,0,160,37,1,35,3.0,4,0,10,6,0.0
frappuccino blended crme,vanilla bean (without whipped cream),Grande Nonfat Milk,240,0.1,0.1,0.0,5,230,56,0,55,5.0,8,0,15,0,0.0
